timestamp,host,proc,msg
2026-02-13T17:12:20Z,misc-01,proc0,background telemetry
2026-02-13T06:04:27Z,misc-01,proc1,background telemetry
2026-02-13T18:11:11Z,misc-01,proc2,background telemetry
2026-02-13T15:31:14Z,misc-01,proc3,background telemetry
2026-02-13T04:45:13Z,misc-01,proc4,background telemetry
2026-02-13T01:46:22Z,misc-01,proc5,background telemetry
2026-02-13T23:41:27Z,misc-01,proc6,background telemetry
2026-02-13T15:43:27Z,misc-01,proc7,background telemetry
2026-02-13T10:45:34Z,misc-01,proc8,background telemetry
2026-02-13T13:43:59Z,misc-01,proc9,background telemetry
2026-02-13T05:52:39Z,misc-01,proc10,background telemetry
2026-02-13T02:45:27Z,misc-01,proc11,background telemetry
2026-02-13T16:06:30Z,misc-01,proc12,background telemetry
2026-02-13T11:29:20Z,misc-01,proc13,background telemetry
2026-02-13T01:29:19Z,misc-01,proc14,background telemetry
